varID,Study,R,varR,TrCode,System.Type,Duration
1,2,-0.361053179,0.031393033,2,Grassland,1
1,2,-0.241332121,0.003978874,2,Grassland,0
1,2,-0.211401767,0.002738313,2,Grassland,0
1,2,-0.299903342,0.142105756,2,Grassland,1
1,2,-0.285099429,0.13319,2,Grassland,2
1,2,-0.375868478,0.019587341,2,Grassland,1
1,2,-0.489827025,0.051356116,2,Grassland,1
1,2,-0.185047373,0.009283413,2,Grassland,0
1,2,-0.197561696,0.031486375,2,Grassland,2
1,2,-0.271093684,0.053898826,2,Grassland,2
1,2,-0.40122488,0.003912403,2,Grassland,1
1,2,-0.516268861,0.009091208,2,Grassland,1
1,2,-0.526114034,0.111649093,2,Grassland,2
1,2,-0.542347955,0.106380424,2,Grassland,2
1,2,-0.288019676,0.015820748,2,Grassland,1
1,3,0.517091665,0.126173698,1,Tree Stand,2
1,3,0.298492989,0.091266952,1,Tree Stand,3
1,3,0.663166348,0.010048073,1,Tree Stand,1
1,5,0,0.016111111,1,Tree Stand,3
1,5,0.181387414,0.008756529,1,Tree Stand,3
1,5,0.152353147,0.003998293,1,Tree Stand,3
1,6,-0.098217685,0.002814581,1,Tree Stand,2
1,7,0.063196419,0.001836601,1,Tree Stand,0
1,8,0.012903405,0.000231559,1,Tree Stand,1
1,10,0.015267472,0.271258007,1,Shrubland,1
1,10,-0.300214489,0.837224487,3,Shrubland,1
1,10,-0.003302149,0.136563683,2,Shrubland,1
1,12,0.038631379,0.143150089,2,Shrubland,3
1,13,0.246506202,0.017865065,1,Grassland,6
1,16,-2.339912186,942.341931,2,Shrubland,2
1,16,3.239515041,103.0752898,2,Shrubland,0
1,16,-0.284919581,0.436499696,2,Shrubland,4
1,20,0.186308319,0.010107514,1,Tree Stand,5
1,20,0.147936084,0.009015456,1,Tree Stand,5
1,20,0.243792477,0.004891204,1,Tree Stand,5
1,21,0.333790818,0.007449038,1,Tree Stand,5
1,21,0.474210835,0.006362862,1,Tree Stand,5
1,21,0.52397158,0.012022748,1,Tree Stand,5
1,22,0.329479893,0.007672647,2,Grassland,2
1,22,0.219628959,0.009174071,2,Grassland,0
1,22,0.061087833,0.004207616,2,Grassland,1
1,22,-0.391117939,0.019429226,2,Grassland,2
1,22,-0.035092066,0.064078981,2,Grassland,0
1,22,0.753771624,0.019085741,2,Grassland,1
1,23,0.439697733,2.169753718,2,Shrubland,1
1,23,-0.241454089,3.867603556,2,Shrubland,4
1,23,0.392798363,1.260427567,2,Shrubland,2
1,23,-0.391094318,0.274413951,2,Shrubland,0
1,23,-0.00074299,0.064185618,2,Shrubland,3
1,23,0.466466372,0.101118426,2,Shrubland,5
1,24,-0.017470154,0.011377549,1,Grassland,2
1,24,0.057665642,0.004428901,1,Grassland,2
1,24,0.005918524,0.007333424,3,Grassland,2
1,24,0.025918186,0.012695894,3,Grassland,2
1,24,-0.153694163,0.004741535,2,Grassland,2
1,24,-0.082046576,0.013163696,2,Grassland,2
1,24,-0.106602752,0.015164699,2,Grassland,2
1,24,-0.13105566,0.006479797,2,Grassland,2
1,29,0.042016716,0.02777878,2,Grassland,7
1,29,0.22963848,0.02761682,2,Grassland,2
1,29,0.335273307,0.048644795,2,Grassland,4
1,29,0.189670979,0.031388223,2,Grassland,6
1,29,0.262541297,0.017819573,2,Grassland,3
1,29,0.08872501,0.034831852,2,Grassland,7
1,29,0.142999098,0.018379102,2,Grassland,4
1,29,0.050011629,0.014728055,2,Grassland,1
1,29,0.132757525,0.001521415,2,Grassland,2
1,29,0.050572182,0.006519625,2,Grassland,1
1,29,0.050592465,0.00242885,2,Grassland,3
1,29,0.13352586,0.0049728,2,Grassland,2
1,29,0.012706585,0.011496127,2,Grassland,6
1,29,0.04443431,0.003490473,2,Grassland,3
1,29,0.325985592,0.010174838,2,Grassland,9
1,29,0.216332865,0.017042259,2,Grassland,9
1,29,0.233369119,0.060042028,2,Grassland,8
1,29,-0.016547254,0.009500844,2,Grassland,1
1,29,0.016646582,0.024630625,2,Grassland,8
1,29,0.133310039,0.021680848,2,Grassland,5
1,29,0.031204603,0.016319712,2,Grassland,5
1,29,0.04208379,0.012924332,2,Grassland,4
1,29,-0.360808969,0.044574382,2,Grassland,4
1,29,0.081429136,0.019255165,2,Grassland,1
1,29,0.023763494,0.008349558,2,Grassland,1
1,29,0.025057527,0.021678661,2,Grassland,2
1,29,0.212021422,0.004145848,2,Grassland,2
1,29,-1.510833187,0.032809162,2,Grassland,1
1,29,0.022576936,0.003250963,2,Grassland,1
1,29,0.078147557,0.004779589,2,Grassland,3
1,29,-0.613412741,0.023474543,2,Grassland,3
1,29,-0.187778596,0.02960549,2,Grassland,3
1,29,0.162859008,0.011635763,2,Grassland,3
1,29,-0.509134053,0.028381327,2,Grassland,2
1,29,0.196609515,0.004903319,2,Grassland,2
1,29,0.060684952,0.023205221,2,Grassland,4
1,29,-0.085613753,0.028711119,2,Grassland,4
1,29,0.013520245,0.005153373,2,Grassland,4
1,29,-0.058045306,0.00517045,2,Grassland,4
1,29,-0.54343019,0.009251819,2,Grassland,6
1,29,0.064121569,0.00782031,2,Grassland,6
1,29,-0.241744977,0.004036863,2,Grassland,2
1,29,0.128712106,0.005143459,2,Grassland,2
1,29,-0.223254718,0.011820359,2,Grassland,6
1,29,0.007971699,0.019595667,2,Grassland,6
1,29,0.084402664,0.006060756,2,Grassland,3
1,29,0.019621297,0.000584564,2,Grassland,3
1,29,-0.1047766,0.010440404,2,Grassland,1
1,29,-0.018364115,0.006391178,2,Grassland,1
1,29,-0.271170965,0.008913001,2,Grassland,5
1,29,0.163147663,0.010612607,2,Grassland,5
1,29,-0.86036833,0.022342158,2,Grassland,6
1,29,0.002202644,0.003510711,2,Grassland,6
1,29,0.00867017,0.009691023,2,Grassland,5
1,29,-0.012152191,0.008083728,2,Grassland,5
1,29,-0.843338347,0.01729168,2,Grassland,5
1,29,-0.03101731,0.010669105,2,Grassland,5
1,31,0.114993272,0.008824993,1,Tree Stand,NA
1,34,-0.134989639,0.011970139,3,Grassland,3
1,34,0.026335586,0.077461859,3,Grassland,3
1,34,-0.354171406,0.090013872,3,Grassland,2
1,34,0.048790528,0.014898404,3,Grassland,1
1,34,0.198052107,0.074919259,3,Grassland,5
1,34,0.166800738,0.048060928,3,Grassland,4
1,34,0.114078692,0.02909235,2,Grassland,3
1,34,0.045513608,0.068170246,2,Grassland,3
1,34,-0.192903203,0.068442913,2,Grassland,2
1,34,0.454254827,0.039462677,2,Grassland,1
1,34,0.095630026,0.0352683,2,Grassland,5
1,34,0.187562716,0.009020095,2,Grassland,4
1,34,0.242945829,0.017161215,1,Grassland,1
1,34,0.149874271,0.018656504,1,Grassland,4
1,34,-0.059473528,0.025108853,1,Grassland,5
1,34,-0.000954295,0.015279319,1,Grassland,3
1,34,0.180979595,0.131066585,1,Grassland,3
1,34,-0.305380873,0.066912857,1,Grassland,2
1,35,0.372573718,0.064939135,1,Grassland,2
1,35,0.207595132,0.098341867,1,Grassland,2
1,36,0.361658411,0.006535415,1,Grassland,2
1,36,0.097904215,0.03012623,1,Grassland,2
1,37,0.506767625,0.240458188,2,Grassland,0
1,37,-0.153150445,0.041983623,2,Grassland,1
1,38,0.017743893,0.623603818,2,Shrubland,1
1,38,-0.034704136,0.19544841,2,Shrubland,3
1,38,0.186448656,0.812202265,2,Shrubland,2
1,42,0.396457578,0.046465402,1,Tree Stand,1
1,42,0.456054583,0.05364369,1,Tree Stand,2
1,42,0.514079506,0.064353283,1,Tree Stand,3
1,42,0.560528946,0.055609833,1,Tree Stand,4
1,44,-0.491806861,1.763941521,2,Shrubland,1
1,44,-1.592493632,25.15986333,2,Shrubland,2
1,44,-0.058302075,0.228332604,2,Shrubland,0
1,47,0.424943584,0.003487535,1,Grassland,1
1,47,0.285029936,0.009994629,1,Grassland,0
1,47,0.517673483,0.016571812,1,Grassland,2
1,47,0.027049958,0.006036007,1,Grassland,3
1,49,-0.1236281,0.005493191,1,Grassland,4
1,49,0.225148473,0.019009827,1,Grassland,4
1,49,0.287682072,0.046008582,1,Grassland,4
1,49,-0.080042708,0.046895726,1,Grassland,4
1,51,0.215931982,0.004607214,1,Grassland,4
1,51,0.102370977,0.005610147,1,Grassland,3
1,51,0.438629333,0.02493183,3,Grassland,3
1,51,0.110437427,0.024156859,3,Grassland,4
1,51,0.17176297,0.010764907,2,Grassland,3
1,51,0.038183787,0.014998244,2,Grassland,4
1,52,0.182915088,0.007170652,1,Tree Stand,2
1,53,0.837141251,25.15596822,1,Tree Stand,3
1,54,0.299253832,0.055989873,2,Shrubland,3
1,54,0.585703554,0.43364218,2,Shrubland,1
1,54,0.844550583,0.565957154,2,Shrubland,2
1,57,0.231834093,0.05919442,2,Tundra,4
1,57,0.157878949,0.064128744,2,Tundra,4
1,56,0.317240388,0.07644368,2,Tundra,2
1,56,0,0.084839699,2,Tundra,1
1,58,-0.031236272,0.019445572,3,Grassland,2
1,58,0.383476575,0.027932681,3,Grassland,1
1,58,0.2528608,0.021167779,3,Grassland,0
1,58,0.034709455,0.023404739,3,Grassland,2
1,58,0.141197289,0.041973889,3,Grassland,1
1,58,0.235200621,0.039435379,3,Grassland,0
1,58,-0.069892062,0.016542316,3,Grassland,2
1,58,0.006538968,0.041547422,3,Grassland,1
1,58,0.00806083,0.030267129,3,Grassland,0
1,59,0.163843809,0.014369583,1,Tree Stand,1
1,59,0.213933184,0.016951356,1,Tree Stand,2
1,59,0.25926486,0.003740442,1,Tree Stand,1
1,59,0.201648576,0.000898582,1,Tree Stand,2
1,59,0.132843454,0.000520596,1,Tree Stand,2
1,59,0.128927873,0.002946781,1,Tree Stand,1
1,60,0.195725268,0.001614839,1,Agricultural,NA
1,60,0.174412777,0.015880515,1,Agricultural,NA
1,60,0.188071807,0.054411203,1,Agricultural,NA
1,60,0.684073723,0.020489743,3,Agricultural,NA
1,60,0.537996801,0.058532461,3,Agricultural,NA
1,60,0.592203742,0.017217785,2,Agricultural,NA
1,60,0.424356004,0.039101648,2,Agricultural,NA
1,63,0.041964786,0.022133989,1,Grassland,2
1,64,0.196708159,0.036580891,1,Grassland,3
1,64,0.262368797,0.014455038,1,Grassland,1
1,64,0.251336146,0.013103887,1,Grassland,1
1,64,0.083917616,0.02112317,1,Grassland,0
1,64,0.242559667,0.013975042,1,Grassland,3
1,64,0.282859624,0.025078744,1,Grassland,4
1,64,0.103034164,0.010518514,1,Grassland,5
1,64,0.147933755,0.013188901,1,Grassland,1
1,64,0.06291921,0.00396798,1,Grassland,0
1,64,0.190520186,0.012634397,1,Grassland,1
1,64,0.047253283,0.004527106,1,Grassland,0
1,64,0.206356354,0.005501014,1,Grassland,2
1,64,0.190834323,0.007013851,1,Grassland,2
1,64,0.315852131,0.032512473,1,Grassland,4
1,64,0.409701141,0.041910119,1,Grassland,2
1,64,0.182344378,0.039321152,1,Grassland,2
1,64,0.13814541,0.01236331,1,Grassland,2
1,64,0.138166707,0.021915704,1,Grassland,0
1,64,0.087014502,0.030415827,1,Grassland,0
1,64,0.019393013,0.015881929,1,Grassland,1
1,65,0.510298072,0.488739954,1,Grassland,0
1,65,0.354534818,0.045668211,1,Grassland,0
1,65,0.32480874,0.061551908,1,Grassland,0
1,65,0.421313154,0.042674503,1,Grassland,0
1,65,0.396881855,0.168505468,1,Grassland,0
1,65,0.32947922,0.185049045,1,Grassland,0
1,65,0.4426615,0.048181427,1,Grassland,0
1,65,-0.548566827,0.241708625,1,Grassland,0
1,65,-0.067440854,0.160627079,1,Grassland,0
1,65,-0.182323409,0.138205251,1,Grassland,0
1,65,0.212923178,0.129178526,1,Grassland,0
1,65,0.114774017,0.144874438,1,Grassland,0
1,65,-0.309003745,0.150058873,1,Grassland,0
1,65,0.378337793,0.07279002,1,Grassland,0
1,65,-0.51794502,0.212783058,1,Grassland,0
1,65,0.652346846,0.083770236,1,Grassland,0
1,65,0.513970076,0.07641603,1,Grassland,0
1,65,0.810929353,0.370067799,1,Grassland,0
1,65,0.38571651,0.064480236,1,Grassland,0
1,65,-0.69314718,0.369893074,1,Grassland,0
1,65,0.69314718,0.131919981,1,Grassland,0
1,65,0.432623754,0.047146411,1,Grassland,0
1,65,0.363268344,0.056271193,1,Grassland,0
1,65,0.419192974,0.054547085,1,Grassland,0
1,65,0.55431084,0.149604028,1,Grassland,0
1,65,0.47818147,0.056758052,1,Grassland,0
1,66,0.451985124,0.040189464,1,Grassland,9
1,66,-0.223143551,0.037906019,1,Grassland,9
1,67,0.73288739,0.305701284,1,Grassland,5
1,67,0.378066219,0.157252656,3,Grassland,5
1,67,-0.05558101,0.344178732,2,Grassland,5
1,69,1.113312532,0.059631631,2,Tundra,5
1,69,0.924594958,0.087655841,2,Tundra,5
1,69,0.316094817,0.009807724,2,Tundra,12
1,68,0.018853904,0.011648944,2,Tundra,3
1,70,-0.009158218,0.02972636,2,Tundra,0
1,70,-0.431067506,0.071211462,2,Tundra,0
1,71,0.193371344,0.289231883,1,Tree Stand,0
1,72,0.040821995,0.015072073,1,Tree Stand,0
1,73,0.307642815,0.015290467,1,Tree Stand,1
1,74,0.342346844,0.01278844,1,Grassland,4
1,78,0.184747354,0.035675734,1,Tree Stand,4
1,78,-0.152365088,0.049985431,3,Tree Stand,4
1,78,-0.216156743,0.051546873,2,Tree Stand,4
1,80,-0.16507975,0.205732242,2,Grassland,NA
2,1,0.102883047,0.022584487,2,Tundra,6
2,1,-0.074817489,0.043680519,2,Tundra,6
2,2,-0.355944136,0.062435553,2,Grassland,2
2,2,0.002092154,0.038095326,2,Grassland,2
2,2,-0.196916471,0.081973447,2,Grassland,0
2,2,-0.229651687,0.041282775,2,Grassland,0
2,2,-0.292999982,0.302645597,2,Grassland,1
2,2,-0.220941998,0.336641578,2,Grassland,2
2,2,-0.672342871,0.256194393,2,Grassland,1
2,2,-1.163766734,0.396446863,2,Grassland,1
2,2,-0.567215866,0.077416305,2,Grassland,0
2,3,0.857450232,0.102345346,1,Tree Stand,0
2,3,1.019148117,0.011037602,1,Tree Stand,1
2,3,0.918953849,0.095204859,1,Tree Stand,2
2,3,0.647017409,0.066516,1,Tree Stand,3
2,6,0.103429827,0.014496441,1,Tree Stand,2
2,7,0.268989939,0.000107296,1,Tree Stand,0
2,8,0.138341763,0.010831712,1,Tree Stand,1
2,13,0.098440504,0.031672518,1,Grassland,6
2,17,0.929218851,0.076459256,1,Tree Stand,0
2,17,0.760693223,0.079690908,3,Tree Stand,0
2,17,0.137139334,0.041293458,2,Tree Stand,0
2,17,0.701465707,0.024926586,1,Tree Stand,0
2,17,1.021746708,0.04529921,3,Tree Stand,0
2,17,-0.157337934,0.044234679,2,Tree Stand,0
2,18,-0.014833725,0.144558671,1,Tree Stand,1
2,18,0.040001615,0.17358225,1,Tree Stand,2
2,21,0.272457573,0.005157461,1,Tree Stand,5
2,21,0.249049084,0.035702142,1,Tree Stand,7
2,21,0.373622543,0.034669626,1,Tree Stand,7
2,21,0.491315827,0.003092865,1,Tree Stand,5
2,21,0.911064078,0.280032383,1,Tree Stand,7
2,21,0.321364424,0.058225429,1,Tree Stand,7
2,21,0.10443693,0.047408436,1,Tree Stand,7
2,21,0.407766917,0.011577643,1,Tree Stand,5
2,21,0.405677501,0.083769759,1,Tree Stand,7
2,24,-0.94337169,4.158427701,1,Grassland,2
2,24,-0.120144312,2.331054985,1,Grassland,2
2,24,0.739238288,10.54650477,3,Grassland,2
2,24,0.877375316,1.767798395,3,Grassland,2
2,24,0.949689012,1.716716234,3,Grassland,2
2,24,0.266466233,3.077408899,3,Grassland,2
2,24,-0.078471615,0.760904328,2,Grassland,2
2,24,0.007604599,1.049533007,2,Grassland,2
2,24,-1.507901493,15.15820583,2,Grassland,2
2,24,1.159606801,1.371081319,2,Grassland,2
2,29,0.108541397,0.072213079,2,Grassland,3
2,29,0.336528775,0.05698456,2,Grassland,6
2,29,0.399802287,0.069374519,2,Grassland,6
2,29,0.196796184,0.036106882,2,Grassland,5
2,29,0.13006033,0.023863654,2,Grassland,5
2,31,0.157659093,0.009059253,1,Tree Stand,NA
2,34,0.13719901,0.049481501,3,Grassland,1
2,34,0.057158705,0.037848075,3,Grassland,3
2,34,0.019805098,0.079231499,3,Grassland,5
2,34,0.156654485,0.089001174,3,Grassland,4
2,34,0.693148605,0.426964135,3,Grassland,2
2,34,0.01859042,0.159802986,2,Grassland,4
2,34,-0.10535896,0.100555383,2,Grassland,5
2,34,0.315517844,0.033678304,2,Grassland,2
2,34,0.057155554,0.033552112,2,Grassland,1
2,34,-0.092370956,0.023820112,2,Grassland,3
2,34,-0.454895372,0.087369635,1,Grassland,4
2,34,-0.10535896,0.064802733,1,Grassland,5
2,34,-0.066689901,0.009476008,1,Grassland,2
2,34,0.187211291,0.029927911,1,Grassland,1
2,34,-0.307483024,0.02742393,1,Grassland,3
2,35,0.318342941,0.074661758,1,Grassland,2
2,35,0.48184453,0.064252915,1,Grassland,2
2,36,1.489478597,0.122616613,1,Grassland,2
2,36,1.023852213,0.054894702,1,Grassland,2
2,43,0.064538521,0.02948839,2,Tree Stand,1
2,43,0.358212223,0.020609942,2,Tree Stand,1
2,43,0.606135804,0.112632002,2,Tree Stand,1
2,43,0.316669609,0.015302278,2,Tree Stand,1
2,46,-0.344840486,0.006671817,1,Grassland,2
2,46,-0.30538165,0.010788828,1,Grassland,2
2,48,-0.610481275,0.151351385,1,Grassland,NA
2,48,-1.11831736,0.235220265,3,Grassland,NA
2,48,0.087146869,0.10809215,2,Grassland,NA
2,49,-0.405465108,0.031191846,1,Grassland,4
2,49,-0.22693041,0.050358161,1,Grassland,4
2,50,0.044334101,0.03929952,1,Tree Stand,3
2,50,-0.266534277,0.080326572,3,Tree Stand,3
2,50,-0.926777253,0.024761845,2,Tree Stand,3
2,52,0.166555316,0.013466206,1,Tree Stand,2
2,53,0.858268897,0.980798807,1,Tree Stand,3
2,58,0.014396061,0.013187502,3,Grassland,1
2,58,0.131415427,0.023246921,3,Grassland,2
2,58,0.059372273,0.009241455,3,Grassland,0
2,58,0.073199228,0.016760308,3,Grassland,0
2,58,0.157229184,0.024402216,3,Grassland,1
2,58,0.058811677,0.014343631,3,Grassland,0
2,58,0.059372273,0.009241455,3,Grassland,0
2,58,0.257810395,0.016185137,3,Grassland,2
2,58,0.358830892,0.035839153,3,Grassland,1
2,58,0.228999934,0.017499996,3,Grassland,1
2,58,-0.133531393,0.021727557,3,Grassland,0
2,58,-0.09634399,0.014462222,3,Grassland,1
2,58,-0.012062872,0.023545984,3,Grassland,1
2,58,-0.13412861,0.016292391,3,Grassland,0
2,58,0.027619786,0.013462718,3,Grassland,2
2,59,0.555777012,0.012241612,1,Tree Stand,2
2,59,0.112362968,0.016452039,1,Tree Stand,1
2,59,0.536612709,0.012429892,1,Tree Stand,1
2,59,0.497838428,0.001925698,1,Tree Stand,2
2,59,0.324821619,0.015233995,1,Tree Stand,1
2,59,0.410045968,0.001694207,1,Tree Stand,2
2,60,0.116238562,0.005708212,1,Agricultural,NA
2,60,0.036203049,0.015195707,1,Agricultural,NA
2,60,-0.028765166,0.026321449,1,Agricultural,NA
2,60,0.033460371,0.005235112,3,Agricultural,NA
2,60,0.047985217,0.015997871,3,Agricultural,NA
2,60,0.099351716,0.02477197,2,Agricultural,NA
2,60,-0.009496748,0.007886472,2,Agricultural,NA
2,63,-0.110984635,0.014189515,1,Grassland,2
2,64,0.145797112,0.008635545,1,Grassland,2
2,64,0.070944894,0.012561092,1,Grassland,1
2,64,-0.146328496,0.019764958,1,Grassland,0
2,64,0.203475951,0.029085435,1,Grassland,1
2,64,0.23682304,0.043312132,1,Grassland,2
2,64,0.132225665,0.012859154,1,Grassland,2
2,64,0.113082415,0.022248248,1,Grassland,0
2,64,0.393318858,0.03081497,1,Grassland,1
2,64,0.208269944,0.021219922,1,Grassland,0
2,66,0.287682072,0.102792245,1,Grassland,9
2,66,0.060624622,0.082823538,1,Grassland,9
2,67,-0.393041224,0.098061459,1,Grassland,5
2,67,-0.628607066,0.108029834,3,Grassland,5
2,67,-0.162518429,0.102730619,2,Grassland,5
2,69,-0.022986193,0.083002468,2,Tundra,5
2,69,0.110661163,0.041694689,2,Tundra,5
2,68,0.083363702,0.035193658,2,Tundra,3
2,70,0.281998445,0.087431346,2,Tundra,0
2,70,-0.398639143,0.089349581,2,Tundra,0
2,71,0.252355354,0.036908845,1,Tree Stand,0
2,72,0.472638677,0.028275858,1,Tree Stand,0
2,73,0.183975817,0.006642078,1,Tree Stand,1
2,78,-0.005333346,0.004752884,1,Tree Stand,4
2,78,0.010582109,0.015202419,3,Tree Stand,4
2,78,0,0.010468538,2,Tree Stand,4
2,80,-0.362905494,0.779643933,2,Grassland,NA
3,4,0.302746602,0.12075617,2,Tree Stand,0
3,4,0.418710335,0.111452508,2,Tree Stand,0
3,4,0.368092765,0.1188066,2,Tree Stand,0
3,4,0.283976992,0.134899579,2,Tree Stand,1
3,4,0.476165922,0.079099874,2,Tree Stand,1
3,4,0.42980968,0.151385265,2,Tree Stand,1
3,4,0.628608659,0.159892103,2,Tree Stand,0
3,4,0.348621209,0.082931852,2,Tree Stand,1
3,4,0.673729095,0.619000444,2,Tree Stand,1
3,4,0.73973288,0.474895784,2,Tree Stand,0
3,4,0.248072934,0.058935639,2,Tree Stand,1
3,4,0.466189257,0.097763936,2,Tree Stand,1
3,4,0.514059256,0.42692715,2,Tree Stand,1
3,4,0.392042088,0.095548868,2,Tree Stand,0
3,4,0.451985124,0.111195287,2,Tree Stand,0
3,4,0.64462014,0.247958963,2,Tree Stand,1
3,4,0.189042657,0.089054437,2,Tree Stand,0
3,4,0.342841685,0.029508839,2,Tree Stand,1
3,4,0.415460648,0.097141276,2,Tree Stand,1
3,4,0.537392651,0.21532158,2,Tree Stand,1
3,4,0.546543706,0.198018375,2,Tree Stand,1
3,4,0.615760517,0.203806764,2,Tree Stand,1
3,4,0.388798056,0.172470017,2,Tree Stand,0
3,2,0.107069785,0.093038102,2,Grassland,2
3,2,-0.270798685,0.138247023,2,Grassland,1
3,2,0.045060516,0.079425396,2,Grassland,2
3,2,-0.069672183,0.134143097,2,Grassland,1
3,2,0.038925865,0.060951026,2,Grassland,2
3,2,0.154766114,0.080502924,2,Grassland,1
3,50,0.204794413,0.044047553,2,Tree Stand,2
3,3,0.17006222,0.088927777,1,Tree Stand,0
3,3,0.18268857,0.036004623,1,Tree Stand,0
3,3,0.33895359,0.054087174,1,Tree Stand,0
3,15,0.099517227,0.051798089,1,,7
3,45,0.124668705,0.00899145,1,Tree Stand,3
3,50,-0.032789823,0.026896173,1,Tree Stand,3
3,20,-0.182321557,0.027111111,1,Tree Stand,5
3,20,0.99852883,0.197015094,1,Tree Stand,4
3,20,0.871838969,0.135477199,1,Tree Stand,4
3,20,-0.071458964,0.144685356,1,Tree Stand,5
3,20,0.624154309,0.071499433,1,Tree Stand,4
3,20,-0.236388778,0.055010773,1,Tree Stand,5
3,59,0.553505854,0.553217535,1,Tree Stand,2
3,59,0.210999556,0.026150789,1,Tree Stand,1
3,59,0.417828605,0.284969303,1,Tree Stand,1
3,59,1.081201682,1.570137132,1,Tree Stand,2
3,50,0.235314087,0.036876815,1,Tree Stand,1
3,61,0.193191229,0.001278853,1,Tree Stand,1
3,61,0.250025353,0.000839074,1,Tree Stand,2
3,61,0.250393194,7.56E-05,1,Tree Stand,3
3,50,-0.037271395,0.08032745,3,Tree Stand,1
3,50,0.301786679,0.065617452,3,Tree Stand,2
3,42,0.245705867,0.027079288,1,Tree Stand,3
3,42,0.230523662,0.023691441,1,Tree Stand,4
3,6,-0.054488225,0.13383478,1,Tree Stand,2
3,6,0.293835907,0.020654127,1,Tree Stand,2
3,6,0.144084392,0.010506243,1,Tree Stand,2
3,6,0.448024744,0.008152265,1,Tree Stand,2
3,6,0.245532614,0.039829508,1,Tree Stand,2
3,6,0.118290203,0.016452766,1,Tree Stand,2
3,6,0.151611515,0.013255571,1,Tree Stand,2
3,6,0.257480028,0.006488595,1,Tree Stand,2
3,6,0.309406998,0.010535846,1,Tree Stand,2
3,15,0.249686145,0.036261031,1,,7
3,15,0.400644758,0.065233563,1,,7
3,15,0.174062783,0.028304713,1,,7
3,15,0.341291201,0.02422321,1,,7
3,15,0.210384663,0.026114925,1,,7
3,50,-0.417735201,0.068094429,2,Tree Stand,1
3,15,-0.270427561,0.045076485,1,,7
3,15,0.231463049,0.013813538,1,,7
3,50,0.36422215,0.023145278,1,Tree Stand,2
3,50,0.119188517,0.056436051,1,Tree Stand,1
3,11,0.392944351,0.020342729,1,Agricultural,0
3,50,0.334847541,0.114209815,1,Tree Stand,2
3,50,0.167991731,0.040417852,1,Tree Stand,1
3,50,0.732887509,0.130372791,1,Tree Stand,2
3,50,0.201739643,0.023086393,1,Tree Stand,2
3,50,0.369533099,0.027097115,1,Tree Stand,1
3,50,0.238411023,0.463329163,1,Tree Stand,2
3,50,-0.139761942,0.071343336,1,Tree Stand,2
3,50,0.157185584,0.071473574,1,Tree Stand,2
3,50,0.527162043,0.034060634,3,Tree Stand,2
3,50,0.227057451,0.012886467,3,Tree Stand,1
3,50,0.020202707,0.023678301,3,Tree Stand,1
3,50,0.390866309,0.267274874,3,Tree Stand,2
3,50,0.122602322,0.034538903,3,Tree Stand,2
3,50,0.215519626,0.075208717,3,Tree Stand,1
3,50,0.378066134,0.095532219,3,Tree Stand,2
3,50,0.238411023,0.166031278,3,Tree Stand,2
3,50,0.051825068,0.164630897,3,Tree Stand,2
3,50,0.146092618,0.005512657,3,Tree Stand,2
3,50,-0.208754814,0.033850717,3,Tree Stand,1
3,50,0.100804699,0.008344418,3,Tree Stand,2
3,50,-0.035932009,0.03732681,2,Tree Stand,2
3,15,0.134135653,0.040687988,1,,7
3,15,0.349796734,0.028622196,1,,7
3,15,0.204682049,0.056889611,1,,7
3,39,-0.402510896,0.067089849,2,Tree Stand,0
3,39,-0.216938774,0.008281337,2,Tree Stand,1
3,39,0.224247914,0.033773588,2,Tree Stand,0
3,39,0.085584504,0.016496972,2,Tree Stand,1
3,50,0.242313467,0.02459202,2,Tree Stand,1
3,15,0.232093654,0.037500758,1,,7
3,15,0.27454198,0.033036774,1,,7
3,15,0.254819026,0.037051543,1,,7
3,76,0.327396735,0.055557306,3,Tree Stand,2
3,50,-0.136575535,0.068354433,2,Tree Stand,2
3,50,-0.156004248,0.041042761,1,Tree Stand,1
3,15,0.0012522,0.055889258,1,,7
3,15,0.165885262,0.01819588,1,,7
3,15,0.065926419,0.012234892,1,,7
3,15,0.090804127,0.019300963,1,,7
3,15,-0.018755315,0.021445622,1,,7
3,15,0.019931469,0.01606216,1,,7
3,15,0.065730685,0.025895749,1,,7
3,50,0.196710294,0.039969101,1,Tree Stand,2
3,50,0.397301797,0.056135882,1,Tree Stand,2
3,50,0.219214273,0.011700658,1,Tree Stand,2
3,50,0.022223137,0.020871927,1,Tree Stand,2
3,50,0.520193374,0.02706636,3,Tree Stand,2
3,50,0.279313823,0.181846656,3,Tree Stand,1
3,50,0.027398974,0.019526847,3,Tree Stand,2
3,50,0.01169604,0.032013133,3,Tree Stand,1
3,50,0.131927543,0.01235102,3,Tree Stand,1
3,76,0.176623536,0.024027985,1,Tree Stand,1
3,50,0.237671652,0.062705921,3,Tree Stand,2
3,50,0.084557388,0.03230912,3,Tree Stand,1
3,50,0.158224005,0.003528026,3,Tree Stand,3
3,32,0.093090423,0.01850809,1,Tree Stand,3
3,32,-0.022472856,0.004041424,1,Tree Stand,3
3,32,0.037740328,0.031717732,1,Tree Stand,3
3,33,0.223143551,0.116736111,2,Tree Stand,2
3,35,-0.23545678,0.046434138,1,Grassland,5
3,35,0.061621175,0.033370706,1,Grassland,5
3,35,0.24294612,0.051833354,1,Grassland,5
3,18,0.232058915,0.005567592,1,Tree Stand,2
3,50,0.172612743,0.026010166,1,Tree Stand,1
3,50,-0.107888962,0.029225659,2,Tree Stand,2
3,26,-0.090477582,0.007633108,1,Tree Stand,2
3,28,0.288396119,0.066866143,1,Tree Stand,4
3,50,0.084557388,0.044873778,2,Tree Stand,1
3,50,-0.019802627,0.010198078,2,Tree Stand,2
3,76,0.968519759,0.024136016,3,Tree Stand,1
3,64,0.125626213,0.01952368,1,Grassland,0
3,76,0.152820892,0.004480164,3,Tree Stand,2
3,50,0.211309094,0.025954009,1,Tree Stand,1
3,50,0.06820825,0.10379625,1,Tree Stand,2
3,55,-0.097163748,0.110117155,1,Tree Stand,2
3,35,0.046354066,0.044364614,1,Grassland,5
3,50,-0.028170877,0.003969829,1,Tree Stand,2
3,59,1.173997768,3.977717078,1,Tree Stand,2
3,59,0.341380985,0.185309379,1,Tree Stand,1
3,50,0.273293335,0.003222291,1,Tree Stand,3
3,76,0.385350744,0.006616512,2,Tree Stand,1
3,76,0.759014606,0.044957636,2,Tree Stand,1
3,76,0.135341348,0.060032805,2,Tree Stand,2
3,50,-0.352821375,0.214345763,2,Tree Stand,2
3,64,0.14518201,0.030006258,1,Grassland,0
3,70,0.455877927,0.032140934,2,Tundra,0
3,50,0.372675285,0.056005961,3,Tree Stand,3
3,50,-0.1198012,0.05346054,1,Tree Stand,1
3,50,0.205852054,0.001357159,2,Tree Stand,3
3,50,-0.055880458,0.095726476,2,Tree Stand,2
3,76,0.160291137,0.013107496,1,Tree Stand,2
3,76,0.269332934,0.007884246,1,Tree Stand,1
3,76,0.475308681,0.021252589,1,Tree Stand,1
3,50,0.316669609,0.007651139,3,Tree Stand,2
3,50,0.374693449,0.035846553,3,Tree Stand,2
3,76,0.502422213,0.045356553,1,Tree Stand,2
3,76,0.148820887,0.005301212,1,Tree Stand,2
3,76,0.171303759,0.04152927,1,Tree Stand,1
3,70,0.212804574,0.01761347,2,Tundra,0
3,50,-0.510825624,0.053594771,2,Tree Stand,1
3,50,-0.012903405,0.024644076,1,Tree Stand,1
3,50,-0.057819571,0.051718218,2,Tree Stand,2
3,50,-0.093090423,0.003538311,2,Tree Stand,1
3,50,-0.060624622,0.086760501,2,Tree Stand,1
3,50,-0.219362828,0.039818555,2,Tree Stand,2
3,27,-0.35178498,0.032783993,1,Tree Stand,2
3,50,0,0.046227811,2,Tree Stand,2
3,76,0.456526572,0.015294808,3,Tree Stand,2
3,76,0.450330864,0.008538847,3,Tree Stand,1
3,50,0.031748698,0.040847191,3,Tree Stand,1
3,50,-0.0719735,0.02597925,2,Tree Stand,2
3,76,0.325654823,0.069048727,2,Tree Stand,2
3,50,0.298492989,0.168895527,2,Tree Stand,2
3,76,0.442820895,0.035598304,3,Tree Stand,1
3,76,0.291998005,0.045226216,2,Tree Stand,1
3,50,-0.147635999,0.036039858,1,Tree Stand,1
3,50,0.127833372,0.050638223,1,Tree Stand,2
3,76,0.396332625,0.017756534,3,Tree Stand,1
3,76,0.048856392,0.008336441,2,Tree Stand,2
3,76,0.095429947,0.062066277,1,Tree Stand,2
3,50,-0.135341348,0.049801401,2,Tree Stand,1
3,50,-0.336472237,0.027738442,2,Tree Stand,1
3,76,0.132658919,0.008720135,2,Tree Stand,2
3,76,0.748094877,0.025552748,3,Tree Stand,2
3,50,-0.138150338,0.021710924,2,Tree Stand,3
3,50,0.248461359,0.0038333,2,Tree Stand,1
3,76,0.040094457,0.015981475,2,Tree Stand,1
3,50,-0.247836164,0.114715594,2,Tree Stand,2
3,50,-0.362905494,0.036389824,2,Tree Stand,1
3,50,0.192077732,0.042927227,2,Tree Stand,2
3,64,0.215448515,0.019329826,1,Grassland,0
3,19,-0.062039241,0.00536645,2,Grassland,0
3,62,0.042195845,0.505223801,1,Tree Stand,0
3,19,-0.077939515,0.002317733,2,Grassland,2
3,62,0.168917006,0.706603491,1,Tree Stand,0
3,19,0.014957544,0.006498381,2,Grassland,1
3,74,-1.356441426,0.178954132,1,Grassland,3
3,21,0.244619504,0.01206443,1,Tree Stand,1
3,77,-0.056576608,0.374147774,1,Tree Stand,2
3,14,-0.387764992,0.026296296,2,Tree Stand,2
3,14,-0.361012589,0.148857077,2,Tree Stand,0
3,79,-0.087184684,0.020892889,1,Tree Stand,7
3,9,0.119287023,0.019274054,1,Tree Stand,0
3,62,0.218455838,0.695299897,1,Tree Stand,1
3,74,0.858396769,0.053279698,1,Grassland,3
3,30,0.283943709,0.012084591,2,Tree Stand,0
3,79,-0.10978111,0.050024561,1,Tree Stand,7
3,79,0.092127447,0.035376785,1,Tree Stand,7
3,79,0.04595209,0.023403266,1,Tree Stand,7
3,74,0.396881407,0.019166683,1,Grassland,3
3,74,1.712978575,2.420112208,1,Grassland,3
3,74,1.822804061,0.738286303,1,Grassland,3
3,74,0.332342913,0.140805648,1,Grassland,3
3,14,0.088946675,0.155987712,2,Tree Stand,0
3,51,0.378653877,0.059216011,1,Grassland,1
3,29,0.026955784,0.005611851,2,Grassland,1
3,74,0.325422411,0.055101914,1,Grassland,3
3,51,-0.065597319,0.062819876,2,Grassland,1
3,7,0.639079946,0.014166753,1,Tree Stand,0
3,9,0.105360494,0.01559063,1,Tree Stand,3
3,21,-0.078617219,0.021661002,1,Tree Stand,0
3,74,-0.308615308,0.100655459,1,Grassland,3
3,74,0.161969348,0.023775679,1,Grassland,3
3,74,0.311436165,0.027078085,1,Grassland,3
3,78,-0.173747367,0.095708525,3,Tree Stand,4
3,78,-0.04398801,0.082768855,2,Tree Stand,4
3,78,-0.048837541,0.082222046,2,Tree Stand,3
3,77,-0.210533866,1.328188361,1,Tree Stand,1
3,77,0.001249984,0.841766726,1,Tree Stand,1
3,74,0.207639341,0.065155268,1,Grassland,3
3,74,-0.953430243,0.334328374,1,Grassland,3
3,76,0.544301553,0.029650357,1,Tree Stand,1
3,55,0.345745873,0.207463283,1,Tree Stand,1
3,76,0.322878517,0.01746932,1,Tree Stand,1
3,79,-0.08298643,0.015598978,1,Tree Stand,7
3,62,-0.064487621,1.128289993,1,Tree Stand,2
3,21,0.585945778,0.691824389,1,Tree Stand,1
3,79,-0.147070302,0.015390351,1,Tree Stand,7
3,62,0.425053027,1.573550889,1,Tree Stand,2
3,79,-0.35830997,0.016227253,1,Tree Stand,7
3,79,-0.128389763,0.010899504,1,Tree Stand,7
3,79,-0.005545301,0.012404576,1,Tree Stand,7
3,79,0.176246718,0.013959381,1,Tree Stand,7
3,21,0.18362821,0.518461132,1,Tree Stand,0
3,73,0.23841097,0.009785973,1,Tree Stand,1
3,79,-0.084655505,0.011232289,1,Tree Stand,7
3,73,0.27098089,0.024378974,1,Tree Stand,1
3,9,0.135317521,0.051544138,1,Tree Stand,0
3,79,-0.328857987,0.017877946,1,Tree Stand,7
3,77,-0.291774406,0.541146738,1,Tree Stand,2
3,9,0.262217569,0.067784352,1,Tree Stand,3
3,9,-0.372947506,0.016547683,1,Tree Stand,2
3,74,1.554917024,0.233416217,1,Grassland,3
3,29,0.139761937,0.007859285,2,Grassland,2
3,51,0.226313161,0.026379735,3,Grassland,1
3,29,0.031416228,0.024414324,2,Grassland,1
3,77,0.091993953,0.287106323,1,Tree Stand,1
3,52,0.19611486,0.011220331,1,Tree Stand,2
3,9,0.218734129,0.023484425,1,Tree Stand,2
3,74,-0.107420259,0.081126369,1,Grassland,3
3,55,0.995958135,0.37047334,1,Tree Stand,1
3,74,0.337596463,0.055622493,1,Grassland,3
3,76,0.424374762,0.02973452,2,Tree Stand,1
3,78,-0.179696678,0.095238969,3,Tree Stand,3
3,30,0.362114672,0.013006444,2,Tree Stand,0
3,30,0.260883934,0.008618531,2,Tree Stand,0
3,74,-0.084307026,0.009529432,1,Grassland,3
3,14,0.111224789,0.235373149,2,Tree Stand,0
3,14,-0.065603349,0.099488641,2,Tree Stand,1
3,77,-0.046491538,0.89312926,1,Tree Stand,1
3,77,-0.068581269,1.608173674,1,Tree Stand,1
3,77,-0.039399903,0.828103451,1,Tree Stand,1
3,14,0,0.022160187,2,Tree Stand,2
3,77,-0.291128107,1.061722309,1,Tree Stand,1
3,76,0.244930905,0.032455149,1,Tree Stand,1
3,14,-0.693147181,0.069204236,2,Tree Stand,1
3,14,-0.084557714,0.027124025,2,Tree Stand,1
3,14,0,0.121247514,2,Tree Stand,0
3,14,-0.518793715,0.044420798,2,Tree Stand,1
3,76,0,0.016849322,1,Tree Stand,1
3,30,0.384411719,0.005181053,2,Tree Stand,0
3,76,0.41047765,0.018854215,3,Tree Stand,1
3,14,-0.805624125,0.13499597,2,Tree Stand,2
3,79,-0.036388324,0.016634771,1,Tree Stand,7
3,79,-0.192106693,0.024599477,1,Tree Stand,7
3,73,0.146319807,0.009010242,1,Tree Stand,2
3,79,0.112697969,0.023264575,1,Tree Stand,7
3,74,1.36827587,0.657346916,1,Grassland,3
3,25,0.663805222,0.067304807,1,Tree Stand,0
3,79,-0.064404392,0.018255341,1,Tree Stand,7
3,77,-0.187310827,0.997488982,1,Tree Stand,2
3,77,-0.172474175,0.458430935,1,Tree Stand,0
3,77,-0.614256003,0.85679989,1,Tree Stand,2
3,77,0.059155709,0.503893342,1,Tree Stand,2
3,77,-0.312199422,0.772729005,1,Tree Stand,0
3,77,0.130716729,0.623967368,1,Tree Stand,0
3,77,-0.371563608,0.581507435,1,Tree Stand,0
3,29,0.10724554,0.025288648,2,Grassland,3
3,77,-0.152472957,0.402215541,1,Tree Stand,2
3,29,0.042559675,0.005893014,2,Grassland,3
3,77,-0.048665187,0.690613588,1,Tree Stand,2
3,76,0.472287604,0.020977772,2,Tree Stand,1
3,78,-0.139043324,0.092297062,1,Tree Stand,3
3,78,-0.130490216,0.092499844,1,Tree Stand,4
3,30,0.470003566,0.010043402,2,Tree Stand,0
3,77,0.253170016,0.452287863,1,Tree Stand,1
3,74,1.380723322,0.529762548,1,Grassland,3
3,79,0.217914781,0.016000824,1,Tree Stand,7
3,77,-0.29624942,0.778024995,1,Tree Stand,0
3,77,-0.09360735,0.57719957,1,Tree Stand,3
3,77,0.177681097,0.43850479,1,Tree Stand,1
3,79,0.007266887,0.018310149,1,Tree Stand,7
3,77,-0.095143148,0.7821835,1,Tree Stand,1
3,77,-0.097082496,0.486636773,1,Tree Stand,3
3,77,-0.096603425,0.787176429,1,Tree Stand,0
3,77,0.146857763,0.544251191,1,Tree Stand,2
3,77,0.18257574,0.498518659,1,Tree Stand,2
3,77,0.017331381,0.632959531,1,Tree Stand,3
3,74,0.294239467,0.028001696,1,Grassland,3
3,79,0.182972849,0.020814779,1,Tree Stand,7
3,79,-0.0878496,0.024909516,1,Tree Stand,7
3,79,-0.055393689,0.011434908,1,Tree Stand,7
3,29,0.126111402,0.018594633,2,Grassland,2
3,76,0.174755316,0.029132294,2,Tree Stand,1
3,77,-0.120163587,0.502080775,1,Tree Stand,2
3,77,0.012685248,0.442246903,1,Tree Stand,1
3,77,0.190848121,0.234695016,1,Tree Stand,0
3,79,-0.156921839,0.010474883,1,Tree Stand,7
3,77,-0.420580933,0.74148596,1,Tree Stand,1
3,79,-0.044889184,0.024313856,1,Tree Stand,7
3,79,-0.303985141,0.016692097,1,Tree Stand,7
3,62,-0.240579965,0.7468023,1,Tree Stand,1
3,76,0.894784527,0.025887087,2,Tree Stand,1
3,77,0.024660151,0.241359321,1,Tree Stand,3
3,29,0.103989715,0.016814485,2,Grassland,4
3,79,-0.102481227,0.018304358,1,Tree Stand,7
3,76,0.515221235,0.032467055,3,Tree Stand,1
3,76,1.030758586,0.035529891,3,Tree Stand,1
3,76,0.513261679,0.014020086,3,Tree Stand,1
3,29,0.090225105,0.016307843,2,Grassland,6
3,77,0.122314873,0.413820035,1,Tree Stand,2
3,77,0.146118543,0.439963197,1,Tree Stand,2
3,29,0.068992907,0.01896245,2,Grassland,5
3,18,-0.200670695,0.020610142,1,Tree Stand,1
3,18,-0.693147181,0.125,1,Tree Stand,1
3,18,0.223143551,0.025625,1,Tree Stand,2
3,18,-0.060624622,0.026703409,1,Tree Stand,0
3,18,0.955511445,0.028698225,1,Tree Stand,1
3,18,0,0.078125,1,Tree Stand,2
3,18,0.510825624,0.037777778,1,Tree Stand,2
3,18,0.066691374,0.008918573,1,Tree Stand,0
3,18,-0.068992871,0.009546485,1,Tree Stand,1
3,18,-0.753771802,0.088269085,1,Tree Stand,2
3,18,-0.36772478,0.018262839,1,Tree Stand,2
3,18,0.182321557,0.051179138,1,Tree Stand,2
3,18,0.405465108,0.112847222,1,Tree Stand,1
3,18,-0.167054085,0.007090811,1,Tree Stand,0
3,18,0.538996501,0.027352608,1,Tree Stand,0
3,18,0.441832752,0.0436193,1,Tree Stand,1
3,18,0.234839591,0.056235391,1,Tree Stand,1
3,18,-0.927986772,0.040010405,1,Tree Stand,1
3,18,0.862223511,0.094653398,1,Tree Stand,1
3,18,0.84729786,0.053429705,1,Tree Stand,1
3,18,0.489548225,0.015242663,1,Tree Stand,2
3,18,0.455475529,0.060151044,1,Tree Stand,2
3,18,0.773189888,0.084237344,1,Tree Stand,2
3,18,0.559615788,0.021556122,1,Tree Stand,0
3,18,0.538996501,0.012156715,1,Tree Stand,2
3,18,0.606135804,0.01802112,1,Tree Stand,1
3,18,0.318453731,0.023889463,1,Tree Stand,2
3,18,0.080042708,0.012861604,1,Tree Stand,1
3,18,0.064538521,0.020876736,1,Tree Stand,0
3,18,0.080042708,0.012861604,1,Tree Stand,0
3,75,0.656779536,0.28808334,1,Tree Stand,2
3,21,-0.20404761,0.045074422,1,Tree Stand,4
3,45,0.12366333,2.28706874,1,Tree Stand,6
3,45,0.240920307,2.552158684,1,Tree Stand,6
3,45,0.061416074,2.518682903,1,Tree Stand,6
3,45,0.447059005,2.832644329,1,Tree Stand,5
3,45,0.129784223,2.352478447,1,Tree Stand,6
3,21,-0.232058931,0.043445136,1,Tree Stand,5
3,21,0.105360575,0.01504544,1,Tree Stand,6
3,21,-0.013961889,0.020326362,1,Tree Stand,6
3,45,0.057612753,2.215774803,1,Tree Stand,6
3,45,0.116466132,2.477487991,1,Tree Stand,6
3,45,-0.13880511,2.475179496,1,Tree Stand,6
3,45,0.072423407,2.380359021,1,Tree Stand,6
3,45,0.133387539,2.361712083,1,Tree Stand,6
3,45,-0.096189964,2.497696718,1,Tree Stand,6
3,45,0.543449325,3.11122657,1,Tree Stand,5
3,45,-0.032314789,2.376846454,1,Tree Stand,6
3,45,0.148801484,2.322154696,1,Tree Stand,6
3,45,-0.048592555,2.226510235,1,Tree Stand,6
3,45,0.033152207,2.593960236,1,Tree Stand,6
3,45,0.327322732,2.738772114,1,Tree Stand,5
3,75,0.834915468,0.818283668,1,Tree Stand,2
3,75,0.33538177,0.068963524,1,Tree Stand,2
3,75,0.494349897,0.108344817,1,Tree Stand,2
3,41,0.561150708,0.042241778,3,Tree Stand,1
3,41,0.371989179,0.020376737,3,Tree Stand,4
3,41,0.552289748,0.065613454,3,Tree Stand,3
3,41,0.346125668,0.034875528,1,Tree Stand,4
3,41,0.433864583,0.053021869,2,Tree Stand,4
3,41,0.347877233,0.042679637,2,Tree Stand,3
3,41,0.341951702,0.045628976,2,Tree Stand,2
3,41,0.391024424,0.033639381,1,Tree Stand,1
3,41,0.47957308,0.049926874,3,Tree Stand,2
3,41,0.294954832,0.060662871,1,Tree Stand,3
3,41,0.405465108,0.039351049,2,Tree Stand,1
3,41,0.291520849,0.039093249,1,Tree Stand,2
3,40,0.290563723,0.097779155,3,Tree Stand,1
3,40,-0.095299281,0.083472027,2,Tree Stand,1
3,40,0.088063471,0.313199261,3,Tree Stand,1
3,40,-0.35066628,0.208523414,2,Tree Stand,1
3,40,0.332124357,0.116442036,1,Tree Stand,1
3,40,-0.009569451,0.259128915,2,Tree Stand,1
3,40,-0.03916387,0.158887227,3,Tree Stand,0
3,40,0.188614798,0.141853326,1,Tree Stand,0
3,40,-0.151804471,0.205981823,3,Tree Stand,1
3,40,0.163583159,0.172160555,2,Tree Stand,1
3,40,0.702913943,0.333952459,1,Tree Stand,1
3,40,0.455809586,0.155308802,1,Tree Stand,1
3,40,-0.20979159,0.152242005,2,Tree Stand,0
3,40,0.185434659,0.14313596,3,Tree Stand,1
